State,MTBF_Cycles
Baseline,205.108532905075
After PdM,235.874812840837
