State,Cp,Cpk
Before,0.213075280738007,0.130218005653169
After (Simulated),0.181719570444224,0.153685641357351
