Feature,AbsSpearmanRUL
OpSet3,NaN
Sensor11,0.718131719208539
Sensor4,0.701771303551334
Sensor12,0.693148709910453
Sensor7,0.67884522787455
Sensor15,0.665905334829877
Sensor21,0.657416900527245
Sensor20,0.653336285558636
Sensor17,0.629396893256401
Sensor2,0.628588094654601
Sensor3,0.605608784737753
Sensor8,0.573863934938423
Sensor13,0.572548685644637
Sensor9,0.32201389410723
Sensor14,0.201792003538113
OpSet2,0.0037756371796755
OpSet1,0.00133159453370401
